Title,Genre,Description,Director,Actors,Year,Runtime (Minutes),Rating,Votes,Revenue (Millions),Metascore
Guardians of the Galaxy,Action,A group of intergalactic criminals are forced to work together to stop a fanatical warrior from taking control of the universe.,James Gunn,"Chris Pratt, Vin Diesel, Bradley Cooper, Zoe Saldana",2014,121,8.1,757074,333.13,76
Prometheus,Adventure,"Following clues to the origin of mankind, a team finds a structure on a distant moon, but they soon realize they are not alone.",Ridley Scott,"Noomi Rapace, Logan Marshall-Green, Michael Fassbender, Charlize Theron",2012,124,7,485820,126.46,65
Split,Horror,Three girls are kidnapped by a man with a diagnosed 23 distinct personalities. They must try to escape before the apparent emergence of a frightful new 24th.,M. Night Shyamalan,"James McAvoy, Anya Taylor-Joy, Haley Lu Richardson, Jessica Sula",2016,117,7.3,157606,138.12,62
Sing,Animation,"In a city of humanoid animals, a hustling theater impresario's attempt to save his theater with a singing competition becomes grander than he anticipates even as its finalists' find that their lives will never be the same.",Christophe Lourdelet,"Matthew McConaughey,Reese Witherspoon, Seth MacFarlane, Scarlett Johansson",2016,108,7.2,60545,270.32,59
Suicide Squad,Action,A secret government agency recruits some of the most dangerous incarcerated super-villains to form a defensive task force. Their first mission: save the world from the apocalypse.,David Ayer,"Will Smith, Jared Leto, Margot Robbie, Viola Davis",2016,123,6.2,393727,325.02,40
La La Land,Comedy,A jazz pianist falls for an aspiring actress in Los Angeles.,Damien Chazelle,"Ryan Gosling, Emma Stone, Rosemarie DeWitt, J.K. Simmons",2016,128,8.3,258682,151.06,93
Passengers,Adventure,"A spacecraft traveling to a distant colony planet and transporting thousands of people has a malfunction in its sleep chambers. As a result, two passengers are awakened 90 years early.",Morten Tyldum,"Jennifer Lawrence, Chris Pratt, Michael Sheen,Laurence Fishburne",2016,116,7,192177,100.01,41
Fantastic Beasts and Where to Find Them,Adventure,The adventures of writer Newt Scamander in New York's secret community of witches and wizards seventy years before Harry Potter reads his book in school.,David Yates,"Eddie Redmayne, Katherine Waterston, Alison Sudol,Dan Fogler",2016,133,7.5,232072,234.02,66
Hidden Figures,Biography,The story of a team of female African-American mathematicians who served a vital role in NASA during the early years of the U.S. space program.,Theodore Melfi,"Taraji P. Henson, Octavia Spencer, Janelle Monáe,Kevin Costner",2016,127,7.8,93103,169.27,74
Moana,Animation,"In Ancient Polynesia, when a terrible curse incurred by the Demigod Maui reaches an impetuous Chieftain's daughter's island, she answers the Ocean's call to seek out the Demigod to set things right.",Ron Clements,"Auli'i Cravalho, Dwayne Johnson, Rachel House, Temuera Morrison",2016,107,7.7,118151,248.75,81
The Secret Life of Pets,Animation,"The quiet life of a terrier named Max is upended when his owner takes in Duke, a stray whom Max instantly dislikes.",Chris Renaud,"Louis C.K., Eric Stonestreet, Kevin Hart, Lake Bell",2016,87,6.6,120259,368.31,61
Jason Bourne,Action,The CIA's most dangerous former operative is drawn out of hiding to uncover more explosive truths about his past.,Paul Greengrass,"Matt Damon, Tommy Lee Jones, Alicia Vikander,Vincent Cassel",2016,123,6.7,150823,162.16,58
Arrival,Drama,"When twelve mysterious spacecraft appear around the world, linguistics professor Louise Banks is tasked with interpreting the language of the apparent alien visitors.",Denis Villeneuve,"Amy Adams, Jeremy Renner, Forest Whitaker,Michael Stuhlbarg",2016,116,8,340798,100.5,81
Trolls,Animation,"After the Bergens invade Troll Village, Poppy, the happiest Troll ever born, and the curmudgeonly Branch set off on a journey to rescue her friends.",Walt Dohrn,"Anna Kendrick, Justin Timberlake,Zooey Deschanel, Christopher Mintz-Plasse",2016,92,6.5,38552,153.69,56
Independence Day: Resurgence,Action,"Two decades after the first Independence Day invasion, Earth is faced with a new extra-Solar threat. But will mankind's new space defenses be enough?",Roland Emmerich,"Liam Hemsworth, Jeff Goldblum, Bill Pullman,Maika Monroe",2016,120,5.3,127553,103.14,32
Bad Moms,Comedy,"When three overworked and under-appreciated moms are pushed beyond their limits, they ditch their conventional responsibilities for a jolt of long overdue freedom, fun, and comedic self-indulgence.",Jon Lucas,"Mila Kunis, Kathryn Hahn, Kristen Bell,Christina Applegate",2016,100,6.2,66540,113.08,60
X-Men: Apocalypse,Action,"After the re-emergence of the world's first mutant, world-destroyer Apocalypse, the X-Men must unite to defeat his extinction level plan.",Bryan Singer,"James McAvoy, Michael Fassbender, Jennifer Lawrence, Nicholas Hoult",2016,144,7.1,275510,155.33,52
Deadpool,Action,A fast-talking mercenary with a morbid sense of humor is subjected to a rogue experiment that leaves him with accelerated healing powers and a quest for revenge.,Tim Miller,"Ryan Reynolds, Morena Baccarin, T.J. Miller, Ed Skrein",2016,108,8,627797,363.02,65
Interstellar,Adventure,A team of explorers travel through a wormhole in space in an attempt to ensure humanity's survival.,Christopher Nolan,"Matthew McConaughey, Anne Hathaway, Jessica Chastain, Mackenzie Foy",2014,169,8.6,1047747,187.99,74
Doctor Strange,Action,"While on a journey of physical and spiritual healing, a brilliant neurosurgeon is drawn into the world of the mystic arts.",Scott Derrickson,"Benedict Cumberbatch, Chiwetel Ejiofor, Rachel McAdams, Benedict Wong",2016,115,7.6,293732,232.6,72
The Magnificent Seven,Action,Seven gunmen in the old west gradually come together to help a poor village against savage thieves.,Antoine Fuqua,"Denzel Washington, Chris Pratt, Ethan Hawke,Vincent D'Onofrio",2016,132,6.9,122853,93.38,54
Sausage Party,Animation,A sausage strives to discover the truth about his existence.,Greg Tiernan,"Seth Rogen, Kristen Wiig, Jonah Hill, Alistair Abell",2016,89,6.3,120690,97.66,66
Pirates of the Caribbean: On Stranger Tides,Action,"Jack Sparrow and Barbossa embark on a quest to find the elusive fountain of youth, only to discover that Blackbeard and his daughter are after it too.",Rob Marshall,"Johnny Depp, Penélope Cruz, Ian McShane, Geoffrey Rush",2011,136,6.7,395025,241.06,45
Star Trek Beyond,Action,"The USS Enterprise crew explores the furthest reaches of uncharted space, where they encounter a new ruthless enemy who puts them and everything the Federation stands for to the test.",Justin Lin,"Chris Pine, Zachary Quinto, Karl Urban, Zoe Saldana",2016,122,7.1,164567,158.8,68
Sully,Biography,"The story of Chesley Sullenberger, an American pilot who became a hero after landing his damaged plane on the Hudson River in order to save the flight's passengers and crew.",Clint Eastwood,"Tom Hanks, Aaron Eckhart, Laura Linney, Valerie Mahaffey",2016,96,7.5,137608,125.07,74
Batman v Superman: Dawn of Justice,Action,"Fearing that the actions of Superman are left unchecked, Batman takes on the Man of Steel, while the world wrestles with what kind of a hero it really needs.",Zack Snyder,"Ben Affleck, Henry Cavill, Amy Adams, Jesse Eisenberg",2016,151,6.7,472307,330.25,44
Fifty Shades of Grey,Drama,"Literature student Anastasia Steele's life changes forever when she meets handsome, yet tormented, billionaire Christian Grey.",Sam Taylor-Johnson,"Dakota Johnson, Jamie Dornan, Jennifer Ehle,Eloise Mumford",2015,125,4.1,244474,166.15,46
Kingsman: The Secret Service,Action,"A spy organization recruits an unrefined, but promising street kid into the agency's ultra-competitive training program, just as a global threat emerges from a twisted tech genius.",Matthew Vaughn,"Colin Firth, Taron Egerton, Samuel L. Jackson,Michael Caine",2014,129,7.7,440209,128.25,58
Mad Max: Fury Road,Action,"A woman rebels against a tyrannical ruler in postapocalyptic Australia in search for her home-land with the help of a group of female prisoners, a psychotic worshipper, and a drifter named Max.",George Miller,"Tom Hardy, Charlize Theron, Nicholas Hoult, Zoë Kravitz",2015,120,8.1,632842,153.63,90
Zootopia,Animation,"In a city of anthropomorphic animals, a rookie bunny cop and a cynical con artist fox must work together to uncover a conspiracy.",Byron Howard,"Ginnifer Goodwin, Jason Bateman, Idris Elba, Jenny Slate",2016,108,8.1,296853,341.26,78
Pirates of the Caribbean: At World's End,Action,"Captain Barbossa, Will Turner and Elizabeth Swann must sail off the edge of the map, navigate treachery and betrayal, find Jack Sparrow, and make their final alliances for one last decisive battle.",Gore Verbinski,"Johnny Depp, Orlando Bloom, Keira Knightley,Geoffrey Rush",2007,169,7.1,498821,309.4,50
Inglourious Basterds,Adventure,"In Nazi-occupied France during World War II, a plan to assassinate Nazi leaders by a group of Jewish U.S. soldiers coincides with a theatre owner's vengeful plans for the same.",Quentin Tarantino,"Brad Pitt, Diane Kruger, Eli Roth,Mélanie Laurent",2009,153,8.3,959065,120.52,69
Ghostbusters,Action,"Following a ghost invasion of Manhattan, paranormal enthusiasts Erin Gilbert and Abby Yates, nuclear engineer Jillian Holtzmann, and subway worker Patty Tolan band together to stop the otherworldly threat.",Paul Feig,"Melissa McCarthy, Kristen Wiig, Kate McKinnon, Leslie Jones",2016,116,5.3,147717,128.34,60
Inception,Action,"A thief, who steals corporate secrets through use of dream-sharing technology, is given the inverse task of planting an idea into the mind of a CEO.",Christopher Nolan,"Leonardo DiCaprio, Joseph Gordon-Levitt, Ellen Page, Ken Watanabe",2010,148,8.8,1583625,292.57,74
The Wolf of Wall Street,Biography,"Based on the true story of Jordan Belfort, from his rise to a wealthy stock-broker living the high life to his fall involving crime, corruption and the federal government.",Martin Scorsese,"Leonardo DiCaprio, Jonah Hill, Margot Robbie,Matthew McConaughey",2013,180,8.2,865134,116.87,75
Gone Girl,Crime,"With his wife's disappearance having become the focus of an intense media circus, a man sees the spotlight turned on him when it's suspected that he may not be innocent.",David Fincher,"Ben Affleck, Rosamund Pike, Neil Patrick Harris,Tyler Perry",2014,149,8.1,636243,167.74,79
Furious Seven,Action,Deckard Shaw seeks revenge against Dominic Toretto and his family for his comatose brother.,James Wan,"Vin Diesel, Paul Walker, Dwayne Johnson, Jason Statham",2015,137,7.2,301249,350.03,67
The Help,Drama,"An aspiring author during the civil rights movement of the 1960s decides to write a book detailing the African American maids' point of view on the white families for which they work, and the hardships they go through on a daily basis.",Tate Taylor,"Emma Stone, Viola Davis, Octavia Spencer, Bryce Dallas Howard",2011,146,8.1,342429,169.71,62
The Departed,Crime,An undercover cop and a mole in the police attempt to identify each other while infiltrating an Irish gang in South Boston.,Martin Scorsese,"Leonardo DiCaprio, Matt Damon, Jack Nicholson, Mark Wahlberg",2006,151,8.5,937414,132.37,85
Thor,Action,"The powerful but arrogant god Thor is cast out of Asgard to live amongst humans in Midgard (Earth), where he soon becomes one of their finest defenders.",Kenneth Branagh,"Chris Hemsworth, Anthony Hopkins, Natalie Portman, Tom Hiddleston",2011,115,7,570814,181.02,57
The Martian,Adventure,"An astronaut becomes stranded on Mars after his team assume him dead, and must rely on his ingenuity to find a way to signal to Earth that he is alive.",Ridley Scott,"Matt Damon, Jessica Chastain, Kristen Wiig, Kate Mara",2015,144,8,556097,228.43,80
The Legend of Tarzan,Action,"Tarzan, having acclimated to life in London, is called back to his former home in the jungle to investigate the activities at a mining encampment.",David Yates,"Alexander Skarsgård, Rory J. Saper, Christian Stevens, Christoph Waltz",2016,110,6.3,117590,126.59,44
300,Action,King Leonidas of Sparta and a force of 300 men fight the Persians at Thermopylae in 480 B.C.,Zack Snyder,"Gerard Butler, Lena Headey, David Wenham, Dominic West",2006,117,7.7,637104,210.59,52
Harry Potter and the Deathly Hallows: Part 2,Adventure,"Harry, Ron and Hermione search for Voldemort's remaining Horcruxes in their effort to destroy the Dark Lord as the final battle rages on at Hogwarts.",David Yates,"Daniel Radcliffe, Emma Watson, Rupert Grint, Michael Gambon",2011,130,8.1,590595,380.96,87
Divergent,Adventure,"In a world divided by factions based on virtues, Tris learns she's Divergent and won't fit in. When she discovers a plot to destroy Divergents, Tris and the mysterious Four must find out what makes Divergents dangerous before it's too late.",Neil Burger,"Shailene Woodley, Theo James, Kate Winslet, Jai Courtney",2014,139,6.7,362093,150.83,48
The Jungle Book,Adventure,"After a threat from the tiger Shere Khan forces him to flee the jungle, a man-cub named Mowgli embarks on a journey of self discovery with the help of panther, Bagheera, and free spirited bear, Baloo.",Jon Favreau,"Neel Sethi, Bill Murray, Ben Kingsley, Idris Elba",2016,106,7.5,198243,364,77
Transformers: Age of Extinction,Action,"Autobots must escape sight from a bounty hunter who has taken control of the human serendipity: Unexpectedly, Optimus Prime and his remaining gang turn to a mechanic, his daughter, and her back street racing boyfriend for help.",Michael Bay,"Mark Wahlberg, Nicola Peltz, Jack Reynor, Stanley Tucci",2014,165,5.7,255483,245.43,32
Mamma Mia!,Comedy,The story of a bride-to-be trying to find her real father told using hit songs by the popular '70s group ABBA.,Phyllida Lloyd,"Meryl Streep, Pierce Brosnan, Amanda Seyfried,Stellan Skarsgård",2008,108,6.4,153481,143.7,51
The Revenant,Adventure,A frontiersman on a fur trading expedition in the 1820s fights for survival after being mauled by a bear and left for dead by members of his own hunting team.,Alejandro González Iñárritu,"Leonardo DiCaprio, Tom Hardy, Will Poulter, Domhnall Gleeson",2015,156,8,499424,183.64,76
Into the Woods,Adventure,A witch tasks a childless baker and his wife with procuring magical items from classic fairy tales to reverse the curse put on their family tree.,Rob Marshall,"Anna Kendrick, Meryl Streep, Chris Pine, Emily Blunt",2014,125,6,109756,128,69
Furious 6,Action,"Hobbs has Dominic and Brian reassemble their crew to take down a team of mercenaries: Dominic unexpectedly gets convoluted also facing his presumed deceased girlfriend, Letty.",Justin Lin,"Vin Diesel, Paul Walker, Dwayne Johnson, Michelle Rodriguez",2013,130,7.1,318051,238.67,61
The Great Gatsby,Drama,"A writer and wall street trader, Nick, finds himself drawn to the past and lifestyle of his millionaire neighbor, Jay Gatsby.",Baz Luhrmann,"Leonardo DiCaprio, Carey Mulligan, Joel Edgerton,Tobey Maguire",2013,143,7.3,386102,144.81,55
Shutter Island,Mystery,"In 1954, a U.S. marshal investigates the disappearance of a murderess who escaped from a hospital for the criminally insane.",Martin Scorsese,"Leonardo DiCaprio, Emily Mortimer, Mark Ruffalo,Ben Kingsley",2010,138,8.1,855604,127.97,63
Star Trek,Action,The brash James T. Kirk tries to live up to his father's legacy with Mr. Spock keeping him in check as a vengeful Romulan from the future creates black holes to destroy the Federation one planet at a time.,J.J. Abrams,"Chris Pine, Zachary Quinto, Simon Pegg, Leonard Nimoy",2009,127,8,526324,257.7,82
Django Unchained,Drama,"With the help of a German bounty hunter , a freed slave sets out to rescue his wife from a brutal Mississippi plantation owner.",Quentin Tarantino,"Jamie Foxx, Christoph Waltz, Leonardo DiCaprio,Kerry Washington",2012,165,8.4,1039115,162.8,81
Watchmen,Action,"In 1985 where former superheroes exist, the murder of a colleague sends active vigilante Rorschach into his own sprawling investigation, uncovering something that could completely change the course of history as we know it.",Zack Snyder,"Jackie Earle Haley, Patrick Wilson, Carla Gugino,Malin Akerman",2009,162,7.6,410249,107.5,56
Superbad,Comedy,Two co-dependent high school seniors are forced to deal with separation anxiety after their plan to stage a booze-soaked party goes awry.,Greg Mottola,"Michael Cera, Jonah Hill, Christopher Mintz-Plasse, Bill Hader",2007,113,7.6,442082,121.46,76
Pacific Rim,Action,"As a war between humankind and monstrous sea creatures wages on, a former pilot and a trainee are paired up to drive a seemingly obsolete special weapon in a desperate effort to save the world from the apocalypse.",Guillermo del Toro,"Idris Elba, Charlie Hunnam, Rinko Kikuchi,Charlie Day",2013,131,7,400519,101.79,64
X-Men: Days of Future Past,Action,The X-Men send Wolverine to the past in a desperate effort to change history and prevent an event that results in doom for both humans and mutants.,Bryan Singer,"Patrick Stewart, Ian McKellen, Hugh Jackman, James McAvoy",2014,132,8,552298,233.91,74
Casino Royale,Action,"Armed with a licence to kill, Secret Agent James Bond sets out on his first mission as 007 and must defeat a weapons dealer in a high stakes game of poker at Casino Royale, but things are not what they seem.",Martin Campbell,"Daniel Craig, Eva Green, Judi Dench, Jeffrey Wright",2006,144,8,495106,167.01,80
Twilight,Drama,A teenage girl risks everything when she falls in love with a vampire.,Catherine Hardwicke,"Kristen Stewart, Robert Pattinson, Billy Burke,Sarah Clarke",2008,122,5.2,361449,191.45,56
Spectre,Action,"A cryptic message from Bond's past sends him on a trail to uncover a sinister organization. While M battles political forces to keep the secret service alive, Bond peels back the layers of deceit to reveal the terrible truth behind SPECTRE.",Sam Mendes,"Daniel Craig, Christoph Waltz, Léa Seydoux, Ralph Fiennes",2015,148,6.8,308981,200.07,60
Tomorrowland,Action,"Bound by a shared destiny, a teen bursting with scientific curiosity and a former boy-genius inventor embark on a mission to unearth the secrets of a place somewhere in time and space that exists in their collective memory.",Brad Bird,"George Clooney, Britt Robertson, Hugh Laurie, Raffey Cassidy",2015,130,6.5,143069,93.42,60
Dawn of the Planet of the Apes,Action,A growing nation of genetically evolved apes led by Caesar is threatened by a band of human survivors of the devastating virus unleashed a decade earlier.,Matt Reeves,"Gary Oldman, Keri Russell, Andy Serkis, Kodi Smit-McPhee",2014,130,7.6,337777,208.54,79
Tropic Thunder,Action,"Through a series of freak occurrences, a group of actors shooting a big-budget war movie are forced to become the soldiers they are portraying.",Ben Stiller,"Ben Stiller, Jack Black, Robert Downey Jr., Jeff Kahn",2008,107,7,321442,110.42,71
The Conjuring 2,Horror,Lorraine and Ed Warren travel to north London to help a single mother raising four children alone in a house plagued by a malicious spirit.,James Wan,"Vera Farmiga, Patrick Wilson, Madison Wolfe, Frances O'Connor",2016,134,7.4,137203,102.46,65
Ant-Man,Action,"Armed with a super-suit with the astonishing ability to shrink in scale but increase in strength, cat burglar Scott Lang must embrace his inner hero and help his mentor, Dr. Hank Pym, plan and pull off a heist that will save the world.",Peyton Reed,"Paul Rudd, Michael Douglas, Corey Stoll, Evangeline Lilly",2015,117,7.3,368912,180.19,64
Cinderella,Drama,"When her father unexpectedly passes away, young Ella finds herself at the mercy of her cruel stepmother and her scheming step-sisters. Never one to give up hope, Ella's fortunes begin to change after meeting a dashing stranger.",Kenneth Branagh,"Lily James, Cate Blanchett, Richard Madden,Helena Bonham Carter",2015,105,7,117018,201.15,67
Trainwreck,Comedy,"Having thought that monogamy was never possible, a commitment-phobic career woman may have to face her fears when she meets a good guy.",Judd Apatow,"Amy Schumer, Bill Hader, Brie Larson, Colin Quinn",2015,125,6.3,106364,110.01,75
Captain America: The First Avenger,Action,"Steve Rogers, a rejected military soldier transforms into Captain America after taking a dose of a ""Super-Soldier serum"". But being Captain America comes at a price as he attempts to take down a war monger and a terrorist organization.",Joe Johnston,"Chris Evans, Hugo Weaving, Samuel L. Jackson,Hayley Atwell",2011,124,6.9,547368,176.64,66
The Imitation Game,Biography,"During World War II, mathematician Alan Turing tries to crack the enigma code with help from fellow mathematicians.",Morten Tyldum,"Benedict Cumberbatch, Keira Knightley, Matthew Goode, Allen Leech",2014,114,8.1,532353,91.12,73
Central Intelligence,Action,"After he reconnects with an awkward pal from high school through Facebook, a mild-mannered accountant is lured into the world of international espionage.",Rawson Marshall Thurber,"Dwayne Johnson, Kevin Hart, Danielle Nicolet, Amy Ryan",2016,107,6.3,97082,127.38,52
Edge of Tomorrow,Action,"A soldier fighting aliens gets to relive the same day over and over again, the day restarting every time he dies.",Doug Liman,"Tom Cruise, Emily Blunt, Bill Paxton, Brendan Gleeson",2014,113,7.9,471815,100.19,71
Iron Man,Action,"After being held captive in an Afghan cave, billionaire engineer Tony Stark creates a unique weaponized suit of armor to fight evil.",Jon Favreau,"Robert Downey Jr., Gwyneth Paltrow, Terrence Howard, Jeff Bridges",2008,126,7.9,737719,318.3,79
X: First Class,Action,"In 1962, the United States government enlists the help of Mutants with superhuman abilities to stop a malicious dictator who is determined to start World War III.",Matthew Vaughn,"James McAvoy, Michael Fassbender, Jennifer Lawrence, Kevin Bacon",2011,132,7.8,550011,146.41,65
Bridesmaids,Comedy,"Competition between the maid of honor and a bridesmaid, over who is the bride's best friend, threatens to upend the life of an out-of-work pastry chef.",Paul Feig,"Kristen Wiig, Maya Rudolph, Rose Byrne, Terry Crews",2011,125,6.8,227912,169.08,75
San Andreas,Action,"In the aftermath of a massive earthquake in California, a rescue-chopper pilot makes a dangerous journey with his ex-wife across the state in order to rescue his daughter.",Brad Peyton,"Dwayne Johnson, Carla Gugino, Alexandra Daddario,Colton Haynes",2015,114,6.1,161396,155.18,43
Transformers,Action,"An ancient struggle between two Cybertronian races, the heroic Autobots and the evil Decepticons, comes to Earth, with a clue to the ultimate power held by a teenager.",Michael Bay,"Shia LaBeouf, Megan Fox, Josh Duhamel, Tyrese Gibson",2007,144,7.1,531112,318.76,61
Thor: The Dark World,Action,"When Dr. Jane Foster gets cursed with a powerful entity known as the Aether, Thor is heralded of the cosmic event known as the Convergence and the genocidal Dark Elves.",Alan Taylor,"Chris Hemsworth, Natalie Portman, Tom Hiddleston,Stellan Skarsgård",2013,112,7,443584,206.36,54
Captain America: The Winter Soldier,Action,"As Steve Rogers struggles to embrace his role in the modern world, he teams up with a fellow Avenger and S.H.I.E.L.D agent, Black Widow, to battle a new threat from history: an assassin known as the Winter Soldier.",Anthony Russo,"Chris Evans, Samuel L. Jackson,Scarlett Johansson, Robert Redford",2014,136,7.8,542362,259.75,70
Cars,Animation,"A hot-shot race-car named Lightning McQueen gets waylaid in Radiator Springs, where he finds the true meaning of friendship and family.",John Lasseter,"Owen Wilson, Bonnie Hunt, Paul Newman, Larry the Cable Guy",2006,117,7.1,283445,244.05,73
The Girl with the Dragon Tattoo,Crime,"Journalist Mikael Blomkvist is aided in his search for a woman who has been missing for forty years by Lisbeth Salander, a young computer hacker.",David Fincher,"Daniel Craig, Rooney Mara, Christopher Plummer,Stellan Skarsgård",2011,158,7.8,348551,102.52,71
We're the Millers,Comedy,A veteran pot dealer creates a fake family as part of his plan to move a huge shipment of weed into the U.S. from Mexico.,Rawson Marshall Thurber,"Jason Sudeikis, Jennifer Aniston, Emma Roberts, Ed Helms",2013,110,7,334867,150.37,44
Maleficent,Action,"A vengeful fairy is driven to curse an infant princess, only to discover that the child may be the one person who can restore peace to their troubled land.",Robert Stromberg,"Angelina Jolie, Elle Fanning, Sharlto Copley,Lesley Manville",2014,97,7,268877,241.41,56
Mission: Impossible - Rogue Nation,Action,"Ethan and team take on their most impossible mission yet, eradicating the Syndicate - an International rogue organization as highly skilled as they are, committed to destroying the IMF.",Christopher McQuarrie,"Tom Cruise, Rebecca Ferguson, Jeremy Renner, Simon Pegg",2015,131,7.4,257472,195,75
Inside Out,Animation,"After young Riley is uprooted from her Midwest life and moved to San Francisco, her emotions - Joy, Fear, Anger, Disgust and Sadness - conflict on how best to navigate a new city, house, and school.",Pete Docter,"Amy Poehler, Bill Hader, Lewis Black, Mindy Kaling",2015,95,8.2,416689,356.45,94
Terminator Genisys,Action,"When John Connor, leader of the human resistance, sends Sgt. Kyle Reese back to 1984 to protect Sarah Connor and safeguard the future, an unexpected turn of events creates a fractured timeline.",Alan Taylor,"Arnold Schwarzenegger, Jason Clarke, Emilia Clarke,Jai Courtney",2015,126,6.5,205365,89.73,38
Les Misérables,Drama,"In 19th-century France, Jean Valjean, who for decades has been hunted by the ruthless policeman Javert after breaking parole, agrees to care for a factory worker's daughter. The decision changes their lives forever.",Tom Hooper,"Hugh Jackman, Russell Crowe, Anne Hathaway,Amanda Seyfried",2012,158,7.6,257426,148.78,63
Spy,Action,"A desk-bound CIA analyst volunteers to go undercover to infiltrate the world of a deadly arms dealer, and prevent diabolical global disaster.",Paul Feig,"Melissa McCarthy, Rose Byrne, Jude Law, Jason Statham",2015,119,7.1,188017,110.82,75
Straight Outta Compton,Biography,"The group NWA emerges from the mean streets of Compton in Los Angeles, California, in the mid-1980s and revolutionizes Hip Hop culture with their music and tales about life in the hood.",F. Gary Gray,"O'Shea Jackson Jr., Corey Hawkins, Jason Mitchell,Neil Brown Jr.",2015,147,7.9,139831,161.03,72
The Amazing Spider-Man 2,Action,"When New York is put under siege by Oscorp, it is up to Spider-Man to save the city he swore to protect as well as his loved ones.",Marc Webb,"Andrew Garfield, Emma Stone, Jamie Foxx, Paul Giamatti",2014,142,6.7,342183,202.85,53
The Conjuring,Horror,Paranormal investigators Ed and Lorraine Warren work to help a family terrorized by a dark presence in their farmhouse.,James Wan,"Patrick Wilson, Vera Farmiga, Ron Livingston, Lili Taylor",2013,112,7.5,330305,137.39,68
The Hangover,Comedy,"Three buddies wake up from a bachelor party in Las Vegas, with no memory of the previous night and the bachelor missing. They make their way around the city in order to find their friend before his wedding.",Todd Phillips,"Zach Galifianakis, Bradley Cooper, Justin Bartha, Ed Helms",2009,100,7.8,611563,277.31,73
Rise of the Planet of the Apes,Action,"A substance, designed to help the brain repair itself, gives rise to a super-intelligent chimp who leads an ape uprising.",Rupert Wyatt,"James Franco, Andy Serkis, Freida Pinto, Karin Konoval",2011,105,7.6,422290,176.74,68
Black Swan,Drama,"A committed dancer wins the lead role in a production of Tchaikovsky's ""Swan Lake"" only to find herself struggling to maintain her sanity.",Darren Aronofsky,"Natalie Portman, Mila Kunis, Vincent Cassel,Winona Ryder",2010,108,8,581518,106.95,79
X-Men Origins: Wolverine,Action,"A look at Wolverine's early life, in particular his time with the government squad Team X and the impact it will have on his later years.",Gavin Hood,"Hugh Jackman, Liev Schreiber, Ryan Reynolds, Danny Huston",2009,107,6.7,388447,179.88,40
Skyfall,Action,"Bond's loyalty to M is tested when her past comes back to haunt her. Whilst MI6 comes under attack, 007 must track down and destroy the threat, no matter how personal the cost.",Sam Mendes,"Daniel Craig, Javier Bardem, Naomie Harris, Judi Dench",2012,143,7.8,547386,304.36,81
The Hobbit: An Unexpected Journey,Adventure,"A reluctant hobbit, Bilbo Baggins, sets out to the Lonely Mountain with a spirited group of dwarves to reclaim their mountain home - and the gold within it - from the dragon Smaug.",Peter Jackson,"Martin Freeman, Ian McKellen, Richard Armitage,Andy Serkis",2012,169,7.9,668651,303,58
21 Jump Street,Action,A pair of underachieving cops are sent back to a local high school to blend in and bring down a synthetic drug ring.,Phil Lord,"Jonah Hill, Channing Tatum, Ice Cube,Brie Larson",2012,110,7.2,432046,138.45,69
22 Jump Street,Action,"After making their way through high school (twice), big changes are in store for officers Schmidt and Jenko when they go deep undercover at a local college.",Phil Lord,"Channing Tatum, Jonah Hill, Ice Cube,Nick Offerman",2014,112,7.1,280110,191.62,71
Now You See Me,Crime,An FBI agent and an Interpol detective track a team of illusionists who pull off bank heists during their performances and reward their audiences with the money.,Louis Leterrier,"Jesse Eisenberg, Common, Mark Ruffalo, Woody Harrelson",2013,115,7.3,492324,117.7,50
Sherlock Holmes,Action,Detective Sherlock Holmes and his stalwart partner Watson engage in a battle of wits and brawn with a nemesis whose plot is a threat to all of England.,Guy Ritchie,"Robert Downey Jr., Jude Law, Rachel McAdams, Mark Strong",2009,128,7.6,501769,209.02,57
Man of Steel,Action,"Clark Kent, one of the last of an extinguished race disguised as an unremarkable human, is forced to reveal his identity when Earth is invaded by an army of survivors who threaten to bring the planet to the brink of destruction.",Zack Snyder,"Henry Cavill, Amy Adams, Michael Shannon, Diane Lane",2013,143,7.1,577010,291.02,55
The Devil Wears Prada,Comedy,"A smart but sensible new graduate lands a job as an assistant to Miranda Priestly, the demanding editor-in-chief of a high fashion magazine.",David Frankel,"Anne Hathaway, Meryl Streep, Adrian Grenier, Emily Blunt",2006,109,6.8,302268,124.73,62
The Equalizer,Action,"A man believes he has put his mysterious past behind him and has dedicated himself to beginning a new, quiet life. But when he meets a young girl under the control of ultra-violent Russian gangsters, he can't stand idly by - he has to help her.",Antoine Fuqua,"Denzel Washington, Marton Csokas, Chloë Grace Moretz, David Harbour",2014,132,7.2,249425,101.53,57
Lone Survivor,Action,"Marcus Luttrell and his team set out on a mission to capture or kill notorious Taliban leader Ahmad Shah, in late June 2005. Marcus and his team are left to fight for their lives in one of the most valiant efforts of modern warfare.",Peter Berg,"Mark Wahlberg, Taylor Kitsch, Emile Hirsch, Ben Foster",2013,121,7.5,218996,125.07,60
The Blind Side,Biography,"The story of Michael Oher, a homeless and traumatized boy who became an All American football player and first round NFL draft pick with the help of a caring woman and her family.",John Lee Hancock,"Quinton Aaron, Sandra Bullock, Tim McGraw,Jae Head",2009,129,7.7,237221,255.95,53
The Hobbit: The Battle of the Five Armies,Adventure,Bilbo and Company are forced to engage in a war against an array of combatants and keep the Lonely Mountain from falling into the hands of a rising darkness.,Peter Jackson,"Ian McKellen, Martin Freeman, Richard Armitage,Cate Blanchett",2014,144,7.4,385598,255.11,59
Harry Potter and the Order of the Phoenix,Adventure,"With their warning about Lord Voldemort's return scoffed at, Harry and Dumbledore are targeted by the Wizard authorities as an authoritarian bureaucrat slowly seizes power at Hogwarts.",David Yates,"Daniel Radcliffe, Emma Watson, Rupert Grint, Brendan Gleeson",2007,138,7.5,385325,292,71
Fast Five,Action,Dominic Toretto and his crew of street racers plan a massive heist to buy their freedom while in the sights of a powerful Brazilian drug lord and a dangerous federal agent.,Justin Lin,"Vin Diesel, Paul Walker, Dwayne Johnson, Jordana Brewster",2011,131,7.3,300803,209.81,66
The Social Network,Biography,"Harvard student Mark Zuckerberg creates the social networking site that would become known as Facebook, but is later sued by two brothers who claimed he stole their idea, and the co-founder who was later squeezed out of the business.",David Fincher,"Jesse Eisenberg, Andrew Garfield, Justin Timberlake,Rooney Mara",2010,120,7.7,510100,96.92,95
American Sniper,Action,"Navy S.E.A.L. sniper Chris Kyle's pinpoint accuracy saves countless lives on the battlefield and turns him into a legend. Back home to his wife and kids after four tours of duty, however, Chris finds that it is the war he can't leave behind.",Clint Eastwood,"Bradley Cooper, Sienna Miller, Kyle Gallner, Cole Konis",2014,133,7.3,353305,350.12,72
Lincoln,Biography,"As the War continues to rage, America's president struggles with continuing carnage on the battlefield as he fights with many inside his own cabinet on the decision to emancipate the slaves.",Steven Spielberg,"Daniel Day-Lewis, Sally Field, David Strathairn,Joseph Gordon-Levitt",2012,150,7.4,207497,182.2,86
Silver Linings Playbook,Comedy,"After a stint in a mental institution, former teacher Pat Solitano moves back in with his parents and tries to reconcile with his ex-wife. Things get more challenging when Pat meets Tiffany, a mysterious girl with problems of her own.",David O. Russell,"Bradley Cooper, Jennifer Lawrence, Robert De Niro, Jacki Weaver",2012,122,7.8,564364,132.09,81
The Fault in Our Stars,Drama,Two teenage cancer patients begin a life-affirming journey to visit a reclusive author in Amsterdam.,Josh Boone,"Shailene Woodley, Ansel Elgort, Nat Wolff, Laura Dern",2014,126,7.8,271301,124.87,69
Fast & Furious,Action,"Brian O'Conner, back working for the FBI in Los Angeles, teams up with Dominic Toretto to bring down a heroin importer by infiltrating his operation.",Justin Lin,"Vin Diesel, Paul Walker, Michelle Rodriguez, Jordana Brewster",2009,107,6.6,217464,155.02,46
Spider-Man 3,Action,"A strange black entity from another world bonds with Peter Parker and causes inner turmoil as he contends with new villains, temptations, and revenge.",Sam Raimi,"Tobey Maguire, Kirsten Dunst, Topher Grace, Thomas Haden Church",2007,139,6.2,406219,336.53,59
American Hustle,Crime,"A con man, Irving Rosenfeld, along with his seductive partner Sydney Prosser, is forced to work for a wild FBI agent, Richie DiMaso, who pushes them into a world of Jersey powerbrokers and mafia.",David O. Russell,"Christian Bale, Amy Adams, Bradley Cooper,Jennifer Lawrence",2013,138,7.3,379088,150.12,90
Insurgent,Adventure,Beatrice Prior must confront her inner demons and continue her fight against a powerful alliance which threatens to tear her society apart with the help from others on her side.,Robert Schwentke,"Shailene Woodley, Ansel Elgort, Theo James,Kate Winslet",2015,119,6.3,171970,130,42
This Is the End,Comedy,"While attending a party at James Franco's house, Seth Rogen, Jay Baruchel and many other celebrities are faced with the Biblical Apocalypse.",Evan Goldberg,"James Franco, Jonah Hill, Seth Rogen,Jay Baruchel",2013,107,6.6,327838,101.47,67
Step Brothers,Comedy,Two aimless middle-aged losers still living at home are forced against their will to become roommates when their parents marry.,Adam McKay,"Will Ferrell, John C. Reilly, Mary Steenburgen,Richard Jenkins",2008,98,6.9,223065,100.47,51
Star Trek Into Darkness,Action,"After the crew of the Enterprise find an unstoppable force of terror from within their own organization, Captain Kirk leads a manhunt to a war-zone world to capture a one-man weapon of mass destruction.",J.J. Abrams,"Chris Pine, Zachary Quinto, Zoe Saldana, Benedict Cumberbatch",2013,132,7.8,417663,228.76,72
Slumdog Millionaire,Drama,"A Mumbai teen reflects on his upbringing in the slums when he is accused of cheating on the Indian Version of ""Who Wants to be a Millionaire?""",Danny Boyle,"Dev Patel, Freida Pinto, Saurabh Shukla, Anil Kapoor",2008,120,8,677044,141.32,86
The Twilight Saga: Breaking Dawn - Part 2,Adventure,"After the birth of Renesmee, the Cullens gather other vampire clans in order to protect the child from a false allegation that puts the family in front of the Volturi.",Bill Condon,"Kristen Stewart, Robert Pattinson, Taylor Lautner, Peter Facinelli",2012,115,5.5,194329,292.3,52
The Amazing Spider-Man,Action,"After Peter Parker is bitten by a genetically altered spider, he gains newfound, spider-like powers and ventures out to solve the mystery of his parent's mysterious death.",Marc Webb,"Andrew Garfield, Emma Stone, Rhys Ifans, Irrfan Khan",2012,136,7,474320,262.03,66
The Maze Runner,Action,"Thomas is deposited in a community of boys after his memory is erased, soon learning they're all trapped in a maze that will require him to join forces with fellow ""runners"" for a shot at escape.",Wes Ball,"Dylan O'Brien, Kaya Scodelario, Will Poulter, Thomas Brodie-Sangster",2014,113,6.8,335531,102.41,57
Wanted,Action,"A frustrated office worker learns that he is the son of a professional assassin, and that he shares his father's superhuman killing abilities.",Timur Bekmambetov,"Angelina Jolie, James McAvoy, Morgan Freeman, Terence Stamp",2008,110,6.7,312495,134.57,64
Creed,Drama,"The former World Heavyweight Champion Rocky Balboa serves as a trainer and mentor to Adonis Johnson, the son of his late friend and former rival Apollo Creed.",Ryan Coogler,"Michael B. Jordan, Sylvester Stallone, Tessa Thompson, Phylicia Rashad",2015,133,7.6,175673,109.71,82
The Lego Movie,Animation,"An ordinary Lego construction worker, thought to be the prophesied 'Special', is recruited to join a quest to stop an evil tyrant from gluing the Lego universe into eternal stasis.",Phil Lord,"Chris Pratt, Will Ferrell, Elizabeth Banks, Will Arnett",2014,100,7.8,266508,257.76,83
Robin Hood,Action,"In 12th century England, Robin and his band of marauders confront corruption in a local village and lead an uprising against the crown that will forever alter the balance of world power.",Ridley Scott,"Russell Crowe, Cate Blanchett, Matthew Macfadyen,Max von Sydow",2010,140,6.7,221117,105.22,53
The Wolverine,Action,"When Wolverine is summoned to Japan by an old acquaintance, he is embroiled in a conflict that forces him to confront his own demons.",James Mangold,"Hugh Jackman, Will Yun Lee, Tao Okamoto, Rila Fukushima",2013,126,6.7,355362,132.55,60
Grown Ups 2,Comedy,"After moving his family back to his hometown to be with his friends and their kids, Lenny finds out that between old bullies, new bullies, schizo bus drivers, drunk cops on skis, and 400 costumed party crashers sometimes crazy follows you.",Dennis Dugan,"Adam Sandler, Kevin James, Chris Rock, David Spade",2013,101,5.4,114482,133.67,19
The Incredible Hulk,Action,"Bruce Banner, a scientist on the run from the U.S. Government, must find a cure for the monster he emerges whenever he loses his temper.",Louis Leterrier,"Edward Norton, Liv Tyler, Tim Roth, William Hurt",2008,112,6.8,342355,134.52,61
Couples Retreat,Comedy,"A comedy centered around four couples who settle into a tropical-island resort for a vacation. While one of the couples is there to work on the marriage, the others fail to realize that participation in the resort's therapy sessions is not optional.",Peter Billingsley,"Vince Vaughn, Malin Akerman, Jon Favreau, Jason Bateman",2009,113,5.5,86417,109.18,23
Magic Mike,Comedy,"A male stripper teaches a younger performer how to party, pick up women, and make easy money.",Steven Soderbergh,"Channing Tatum, Alex Pettyfer, Olivia Munn,Matthew McConaughey",2012,110,6.1,113686,113.71,72
Minions,Animation,"Minions Stuart, Kevin and Bob are recruited by Scarlet Overkill, a super-villain who, alongside her inventor husband Herb, hatches a plot to take over the world.",Kyle Balda,"Sandra Bullock, Jon Hamm, Michael Keaton, Pierre Coffin",2015,91,6.4,159830,336.03,56
Despicable Me,Animation,"When a criminal mastermind uses a trio of orphan girls as pawns for a grand scheme, he finds their love is profoundly changing him for the better.",Pierre Coffin,"Steve Carell, Jason Segel, Russell Brand, Julie Andrews",2010,95,7.7,410607,251.5,72
Zero Dark Thirty,Drama,"A chronicle of the decade-long hunt for al-Qaeda terrorist leader Osama bin Laden after the September 2001 attacks, and his death at the hands of the Navy S.E.A.L.s Team 6 in May 2011.",Kathryn Bigelow,"Jessica Chastain, Joel Edgerton, Chris Pratt, Mark Strong",2012,157,7.4,226661,95.72,95
Tangled,Animation,"The magically long-haired Rapunzel has spent her entire life in a tower, but now that a runaway thief has stumbled upon her, she is about to discover the world for the first time, and who she really is.",Nathan Greno,"Mandy Moore, Zachary Levi, Donna Murphy, Ron Perlman",2010,100,7.8,316459,200.81,71
The Hunger Games: Mockingjay - Part 2,Action,"As the war of Panem escalates to the destruction of other districts, Katniss Everdeen, the reluctant leader of the rebellion, must bring together an army against President Snow, while all she holds dear hangs in the balance.",Francis Lawrence,"Jennifer Lawrence, Josh Hutcherson, Liam Hemsworth, Woody Harrelson",2015,137,6.6,202380,281.67,65
Taken,Action,"A retired CIA agent travels across Europe and relies on his old skills to save his estranged daughter, who has been kidnapped while on a trip to Paris.",Pierre Morel,"Liam Neeson, Maggie Grace, Famke Janssen, Leland Orser",2008,93,7.8,502961,145,50
Pitch Perfect 2,Comedy,"After a humiliating command performance at The Kennedy Center, the Barden Bellas enter an international competition that no American group has ever won in order to regain their status and right to perform.",Elizabeth Banks,"Anna Kendrick, Rebel Wilson, Hailee Steinfeld,Brittany Snow",2015,115,6.5,108306,183.44,63
Monsters University,Animation,A look at the relationship between Mike and Sulley during their days at Monsters University -- when they weren't necessarily the best of friends.,Dan Scanlon,"Billy Crystal, John Goodman, Steve Buscemi, Helen Mirren",2013,104,7.3,252119,268.49,65
Harry Potter and the Deathly Hallows: Part 1,Adventure,"As Harry races against time and evil to destroy the Horcruxes, he uncovers the existence of three most powerful objects in the wizarding world: the Deathly Hallows.",David Yates,"Daniel Radcliffe, Emma Watson, Rupert Grint, Bill Nighy",2010,146,7.7,357213,294.98,65
300: Rise of an Empire,Action,"Greek general Themistokles leads the charge against invading Persian forces led by mortal-turned-god Xerxes and Artemisia, vengeful commander of the Persian navy.",Noam Murro,"Sullivan Stapleton, Eva Green, Lena Headey, Hans Matheson",2014,102,6.2,237887,106.37,48
The Curious Case of Benjamin Button,Drama,"Tells the story of Benjamin Button, a man who starts aging backwards with bizarre consequences.",David Fincher,"Brad Pitt, Cate Blanchett, Tilda Swinton, Julia Ormond",2008,166,7.8,485075,127.49,70
The Bourne Ultimatum,Action,Jason Bourne dodges a ruthless CIA official and his agents from a new assassination program while searching for the origins of his life as a trained killer.,Paul Greengrass,"Matt Damon, Edgar Ramírez, Joan Allen, Julia Stiles",2007,115,8.1,525700,227.14,85
World War Z,Action,"Former United Nations employee Gerry Lane traverses the world in a race against time to stop the Zombie pandemic that is toppling armies and governments, and threatening to destroy humanity itself.",Marc Forster,"Brad Pitt, Mireille Enos, Daniella Kertesz, James Badge Dale",2013,116,7,494819,202.35,63
Mission: Impossible - Ghost Protocol,Action,"The IMF is shut down when it's implicated in the bombing of the Kremlin, causing Ethan Hunt and his new team to go rogue to clear their organization's name.",Brad Bird,"Tom Cruise, Jeremy Renner, Simon Pegg, Paula Patton",2011,132,7.4,382459,209.36,73
Oz the Great and Powerful,Adventure,"A frustrated circus magician from Kansas is transported to a magical land called Oz, where he will have to fulfill a prophecy to become the king, and release the land from the Wicked Witches using his great (but fake) powers.",Sam Raimi,"James Franco, Michelle Williams, Rachel Weisz, Mila Kunis",2013,130,6.3,181521,234.9,44
Big Hero 6,Animation,"The special bond that develops between plus-sized inflatable robot Baymax, and prodigy Hiro Hamada, who team up with a group of friends to form a band of high-tech heroes.",Don Hall,"Ryan Potter, Scott Adsit, Jamie Chung,T.J. Miller",2014,102,7.8,309186,222.49,74
Iron Man 2,Action,"With the world now aware of his identity as Iron Man, Tony Stark must contend with both his declining health and a vengeful mad man with ties to his father's legacy.",Jon Favreau,"Robert Downey Jr., Mickey Rourke, Gwyneth Paltrow,Don Cheadle",2010,124,7,556666,312.06,57
Olympus Has Fallen,Action,"Disgraced Secret Service agent (and former presidential guard) Mike Banning finds himself trapped inside the White House in the wake of a terrorist attack; using his inside knowledge, Banning works with national security to rescue the President from his kidnappers.",Antoine Fuqua,"Gerard Butler, Aaron Eckhart, Morgan Freeman,Angela Bassett",2013,119,6.5,214994,98.9,41
The Proposal,Comedy,A pushy boss forces her young assistant to marry her in order to keep her visa status in the U.S. and avoid deportation to Canada.,Anne Fletcher,"Sandra Bullock, Ryan Reynolds, Mary Steenburgen,Craig T. Nelson",2009,108,6.7,241709,163.95,48
Get Hard,Comedy,"When millionaire James King is jailed for fraud and bound for San Quentin, he turns to Darnell Lewis to prep him to go behind bars.",Etan Cohen,"Will Ferrell, Kevin Hart, Alison Brie, T.I.",2015,100,6,95119,90.35,34
Just Go with It,Comedy,"On a weekend trip to Hawaii, a plastic surgeon convinces his loyal assistant to pose as his soon-to-be-divorced wife in order to cover up a careless lie he told to his much-younger girlfriend.",Dennis Dugan,"Adam Sandler, Jennifer Aniston, Brooklyn Decker,Nicole Kidman",2011,117,6.4,182069,103.03,33
The Town,Crime,"As he plans his next job, a longtime thief tries to balance his feelings for a bank manager connected to one of his earlier heists, as well as the FBI agent looking to bring him and his crew down.",Ben Affleck,"Ben Affleck, Rebecca Hall, Jon Hamm, Jeremy Renner",2010,125,7.6,294553,92.17,74
Sherlock Holmes: A Game of Shadows,Action,"Sherlock Holmes and his sidekick Dr. Watson join forces to outwit and bring down their fiercest adversary, Professor Moriarty.",Guy Ritchie,"Robert Downey Jr., Jude Law, Jared Harris, Rachel McAdams",2011,129,7.5,357436,186.83,48
Salt,Action,A CIA agent goes on the run after a defector accuses her of being a Russian spy.,Phillip Noyce,"Angelina Jolie, Liev Schreiber, Chiwetel Ejiofor, Daniel Olbrychski",2010,100,6.4,255813,118.31,65
District 9,Action,An extraterrestrial race forced to live in slum-like conditions on Earth suddenly finds a kindred spirit in a government agent who is exposed to their biotechnology.,Neill Blomkamp,"Sharlto Copley, David James, Jason Cope, Nathalie Boltt",2009,112,8,556794,115.65,81
The Other Guys,Action,Two mismatched New York City detectives seize an opportunity to step up like the city's top cops whom they idolize -- only things don't quite go as planned.,Adam McKay,"Will Ferrell, Mark Wahlberg, Derek Jeter, Eva Mendes",2010,107,6.7,199900,119.22,64
American Gangster,Biography,"In 1970s America, a detective works to bring down the drug empire of Frank Lucas, a heroin kingpin from Manhattan, who is smuggling the drug into the country from the Far East.",Ridley Scott,"Denzel Washington, Russell Crowe, Chiwetel Ejiofor,Josh Brolin",2007,157,7.8,337835,130.13,76
2012,Action,A frustrated writer struggles to keep his family alive when a series of global catastrophes threatens to annihilate mankind.,Roland Emmerich,"John Cusack, Thandie Newton, Chiwetel Ejiofor,Amanda Peet",2009,158,5.8,297984,166.11,49
Harry Potter and the Half-Blood Prince,Adventure,"As Harry Potter begins his sixth year at Hogwarts, he discovers an old book marked as ""the property of the Half-Blood Prince"" and begins to learn more about Lord Voldemort's dark past.",David Yates,"Daniel Radcliffe, Emma Watson, Rupert Grint, Michael Gambon",2009,153,7.5,351059,301.96,78
Argo,Biography,"Acting under the cover of a Hollywood producer scouting a location for a science fiction film, a CIA agent launches a dangerous operation to rescue six Americans in Tehran during the U.S. hostage crisis in Iran in 1980.",Ben Affleck,"Ben Affleck, Bryan Cranston, John Goodman, Alan Arkin",2012,120,7.7,481274,136.02,86
Hairspray,Comedy,Pleasantly plump teenager Tracy Turnblad teaches 1962 Baltimore a thing or two about integration after landing a spot on a local TV dance show.,Adam Shankman,"John Travolta, Queen Latifah, Nikki Blonsky,Michelle Pfeiffer",2007,117,6.7,102954,118.82,81
Ratatouille,Animation,A rat who can cook makes an unusual alliance with a young kitchen worker at a famous restaurant.,Brad Bird,"Brad Garrett, Lou Romano, Patton Oswalt,Ian Holm",2007,111,8,504039,206.44,96
The Book of Eli,Action,"A post-apocalyptic tale, in which a lone man fights his way across America in order to protect a sacred book that holds the secrets to saving humankind.",Albert Hughes,"Denzel Washington, Mila Kunis, Ray Stevenson, Gary Oldman",2010,118,6.9,241359,94.82,53
I Am Legend,Drama,"Years after a plague kills most of humanity and transforms the rest into monsters, the sole survivor in New York City struggles valiantly to find a cure.",Francis Lawrence,"Will Smith, Alice Braga, Charlie Tahan, Salli Richardson-Whitfield",2007,101,7.2,565721,256.39,65
Men in Black 3,Action,Agent J travels in time to M.I.B.'s early days in 1969 to stop an alien from assassinating his friend Agent K and changing history.,Barry Sonnenfeld,"Will Smith, Tommy Lee Jones, Josh Brolin,Jemaine Clement",2012,106,6.8,278379,179.02,58
Super 8,Mystery,"During the summer of 1979, a group of friends witness a train crash and investigate subsequent unexplained events in their small town.",J.J. Abrams,"Elle Fanning, AJ Michalka, Kyle Chandler, Joel Courtney",2011,112,7.1,298913,126.98,72
Up,Animation,"Seventy-eight year old Carl Fredricksen travels to Paradise Falls in his home equipped with balloons, inadvertently taking a young stowaway.",Pete Docter,"Edward Asner, Jordan Nagai, John Ratzenberger, Christopher Plummer",2009,96,8.3,722203,292.98,88
Gravity,Drama,Two astronauts work together to survive after an accident which leaves them alone in space.,Alfonso Cuarón,"Sandra Bullock, George Clooney, Ed Harris, Orto Ignatiussen",2013,91,7.8,622089,274.08,96
The Hobbit: The Desolation of Smaug,Adventure,"The dwarves, along with Bilbo Baggins and Gandalf the Grey, continue their quest to reclaim Erebor, their homeland, from Smaug. Bilbo Baggins is in possession of a mysterious and magical ring.",Peter Jackson,"Ian McKellen, Martin Freeman, Richard Armitage,Ken Stott",2013,161,7.9,513744,258.36,66
Birth of the Dragon,Action,"Young, up-and-coming martial artist, Bruce Lee, challenges legendary kung fu master Wong Jack Man to a no-holds-barred fight in Northern California.",George Nolfi,"Billy Magnussen, Terry Chen, Teresa Navarro,Vanessa Ross",2016,103,3.9,552,93.05,61
Godzilla,Action,"The world is beset by the appearance of monstrous creatures, but one of them may be the only one who can save humanity.",Gareth Edwards,"Aaron Taylor-Johnson, Elizabeth Olsen, Bryan Cranston, Ken Watanabe",2014,123,6.4,318058,200.66,62
The Bourne Legacy,Action,"An expansion of the universe from Robert Ludlum's novels, centered on a new hero whose stakes have been triggered by the events of the previous three films.",Tony Gilroy,"Jeremy Renner, Rachel Weisz, Edward Norton, Scott Glenn",2012,135,6.7,245374,113.17,61
Lucy,Action,"A woman, accidentally caught in a dark deal, turns the tables on her captors and transforms into a merciless warrior evolved beyond human logic.",Luc Besson,"Scarlett Johansson, Morgan Freeman, Min-sik Choi,Amr Waked",2014,89,6.4,352698,126.55,61
Alice in Wonderland,Adventure,"Nineteen-year-old Alice returns to the magical world from her childhood adventure, where she reunites with her old friends and learns of her true destiny: to end the Red Queen's reign of terror.",Tim Burton,"Mia Wasikowska, Johnny Depp, Helena Bonham Carter,Anne Hathaway",2010,108,6.5,324898,334.19,53
The Break-Up,Comedy,"In a bid to keep their luxurious condo from their significant other, a couple's break-up proceeds to get uglier and nastier by the moment.",Peyton Reed,"Jennifer Aniston, Vince Vaughn, Jon Favreau, Joey Lauren Adams",2006,106,5.8,106381,118.68,45
The Expendables,Action,A CIA operative hires a team of mercenaries to eliminate a Latin dictator and a renegade CIA agent.,Sylvester Stallone,"Sylvester Stallone, Jason Statham, Jet Li, Dolph Lundgren",2010,103,6.5,283282,102.98,45
Wreck-It Ralph,Animation,"A video game villain wants to be a hero and sets out to fulfill his dream, but his quest brings havoc to the whole arcade where he lives.",Rich Moore,"John C. Reilly, Jack McBrayer, Jane Lynch, Sarah Silverman",2012,101,7.8,290559,189.41,72
Snow White and the Huntsman,Action,"In a twist to the fairy tale, the Huntsman ordered to take Snow White into the woods to be killed winds up becoming her protector and mentor in a quest to vanquish the Evil Queen.",Rupert Sanders,"Kristen Stewart, Chris Hemsworth, Charlize Theron, Sam Claflin",2012,127,6.1,239772,155.11,57
Transformers: Dark of the Moon,Action,"The Autobots learn of a Cybertronian spacecraft hidden on the moon, and race against the Decepticons to reach it and to learn its secrets.",Michael Bay,"Shia LaBeouf, Rosie Huntington-Whiteley, Tyrese Gibson, Josh Duhamel",2011,154,6.3,338369,352.36,42
Juno,Comedy,"Faced with an unplanned pregnancy, an offbeat young woman makes an unusual decision regarding her unborn child.",Jason Reitman,"Ellen Page, Michael Cera, Jennifer Garner, Jason Bateman",2007,96,7.5,432461,143.49,81
Enchanted,Animation,"A young maiden in a land called Andalasia, who is prepared to be wed, is sent away to New York City by an evil queen, where she falls in love with a lawyer.",Kevin Lima,"Amy Adams, Susan Sarandon, James Marsden, Patrick Dempsey",2007,107,7.1,150353,127.71,75
Clash of the Titans,Action,"Perseus demigod, son of Zeus, battles the minions of the underworld to stop them from conquering heaven and earth.",Louis Leterrier,"Sam Worthington, Liam Neeson, Ralph Fiennes,Jason Flemyng",2010,106,5.8,238206,163.19,39
Tron,Action,The son of a virtual world designer goes looking for his father and ends up inside the digital world that his father designed. He meets his father's corrupted creation and a unique ally who was born inside the digital world.,Joseph Kosinski,"Jeff Bridges, Garrett Hedlund, Olivia Wilde, Bruce Boxleitner",2010,125,6.8,273959,172.05,49
Kickboxer: Vengeance,Action,A kick boxer is out to avenge his brother.,John Stockwell,"Dave Bautista, Alain Moussi, Gina Carano, Jean-Claude Van Damme",2016,90,4.9,6809,131.56,37
Ghost Rider,Action,"Stunt motorcyclist Johnny Blaze gives up his soul to become a hellblazing vigilante, to fight against power hungry Blackheart, the son of the devil himself.",Mark Steven Johnson,"Nicolas Cage, Eva Mendes, Sam Elliott, Matt Long",2007,114,5.2,190673,115.8,35
Unbroken,Biography,"After a near-fatal plane crash in WWII, Olympian Louis Zamperini spends a harrowing 47 days in a raft with two fellow crewmen before he's caught by the Japanese navy and sent to a prisoner-of-war camp.",Angelina Jolie,"Jack O'Connell, Miyavi, Domhnall Gleeson, Garrett Hedlund",2014,137,7.2,114006,115.6,59
Brave,Animation,"Determined to make her own path in life, Princess Merida defies a custom that brings chaos to her kingdom. Granted one wish, Merida must rely on her bravery and her archery skills to undo a beastly curse.",Mark Andrews,"Kelly Macdonald,Billy Connolly, Emma Thompson, Julie Walters",2012,93,7.2,293941,237.28,69
Daddy's Home,Comedy,"Brad Whitaker is a radio host trying to get his stepchildren to love him and call him Dad. But his plans turn upside down when their biological father, Dusty Mayron, returns.",Sean Anders,"Will Ferrell, Mark Wahlberg, Linda Cardellini, Thomas Haden Church",2015,96,6.1,68306,150.32,42
Megamind,Animation,"The supervillain Megamind finally defeats his nemesis, the superhero Metro Man. But without a hero, he loses all purpose and must find new meaning to his life.",Tom McGrath,"Will Ferrell, Jonah Hill, Brad Pitt, Tina Fey",2010,95,7.3,183926,148.34,63
Blood Father,Action,An ex-con reunites with his estranged wayward 17-year old daughter to protect her from drug dealers who are trying to kill her.,Jean-François Richet,"Mel Gibson, Erin Moriarty, Diego Luna, Michael Parks",2016,88,6.4,40357,93.95,66
Kung Fu Panda 3,Animation,"Continuing his ""legendary adventures of awesomeness"", Po must face two hugely epic, but different threats: one supernatural and the other a little closer to his home.",Alessandro Carloni,"Jack Black, Bryan Cranston, Dustin Hoffman, Angelina Jolie",2016,95,7.2,89791,143.52,66
Horrible Bosses,Comedy,Three friends conspire to murder their awful bosses when they realize they are standing in the way of their happiness.,Seth Gordon,"Jason Bateman, Charlie Day, Jason Sudeikis, Steve Wiebe",2011,98,6.9,368556,117.53,57
Taken 3,Action,"Ex-government operative Bryan Mills is accused of a ruthless murder he never committed or witnessed. As he is tracked and pursued, Mills brings out his particular set of skills to find the true killer and clear his name.",Olivier Megaton,"Liam Neeson, Forest Whitaker, Maggie Grace,Famke Janssen",2014,109,6,144715,89.25,26
X-Men: The Last Stand,Action,"When a cure is found to treat mutations, lines are drawn amongst the X-Men, led by Professor Charles Xavier, and the Brotherhood, a band of powerful mutants organized under Xavier's former ally, Magneto.",Brett Ratner,"Patrick Stewart, Hugh Jackman, Halle Berry, Famke Janssen",2006,104,6.7,406540,234.36,58
Night at the Museum: Secret of the Tomb,Adventure,"Larry spans the globe, uniting favorite and new characters while embarking on an epic quest to save the magic before it is gone forever.",Shawn Levy,"Ben Stiller, Robin Williams, Owen Wilson, Dick Van Dyke",2014,98,6.2,74886,113.73,47
Knocked Up,Comedy,"For fun-loving party animal Ben Stone, the last thing he ever expected was for his one-night stand to show up on his doorstep eight weeks later to tell him she's pregnant with his child.",Judd Apatow,"Seth Rogen, Katherine Heigl, Paul Rudd, Leslie Mann",2007,129,7,309398,148.73,85
The Pursuit of Happyness,Biography,A struggling salesman takes custody of his son as he's poised to begin a life-changing professional career.,Gabriele Muccino,"Will Smith, Thandie Newton, Jaden Smith, Brian Howe",2006,117,8,361105,162.59,64
Public Enemies,Biography,"The Feds try to take down notorious American gangsters John Dillinger, Baby Face Nelson and Pretty Boy Floyd during a booming crime wave in the 1930s.",Michael Mann,"Christian Bale, Johnny Depp, Christian Stolte, Jason Clarke",2009,140,7,240323,97.03,70
Teenage Mutant Ninja Turtles,Action,"When a kingpin threatens New York City, a group of mutated turtle warriors must emerge from the shadows to protect their home.",Jonathan Liebesman,"Megan Fox, Will Arnett, William Fichtner, Noel Fisher",2014,101,5.9,178527,190.87,31
The Heat,Action,An uptight FBI Special Agent is paired with a foul-mouthed Boston cop to take down a ruthless drug lord.,Paul Feig,"Sandra Bullock, Michael McDonald, Melissa McCarthy,Demián Bichir",2013,117,6.6,140151,159.58,60
Green Lantern,Action,"Reckless test pilot Hal Jordan is granted an alien ring that bestows him with otherworldly powers that inducts him into an intergalactic police force, the Green Lantern Corps.",Martin Campbell,"Ryan Reynolds, Blake Lively, Peter Sarsgaard,Mark Strong",2011,114,5.6,231907,116.59,39
The Hunger Games: Mockingjay - Part 1,Action,"Katniss Everdeen is in District 13 after she shatters the games forever. Under the leadership of President Coin and the advice of her trusted friends, Katniss spreads her wings as she fights to save Peeta and a nation moved by her courage.",Francis Lawrence,"Jennifer Lawrence, Josh Hutcherson, Liam Hemsworth, Woody Harrelson",2014,123,6.7,331902,337.1,64
The King's Speech,Biography,"The story of King George VI of the United Kingdom of Great Britain and Northern Ireland, his impromptu ascension to the throne and the speech therapist who helped the unsure monarch become worthy of it.",Tom Hooper,"Colin Firth, Geoffrey Rush, Helena Bonham Carter,Derek Jacobi",2010,118,8,534388,138.8,88
Life of Pi,Adventure,"A young man who survives a disaster at sea is hurtled into an epic journey of adventure and discovery. While cast away, he forms an unexpected connection with another survivor: a fearsome Bengal tiger.",Ang Lee,"Suraj Sharma, Irrfan Khan, Adil Hussain, Tabu",2012,127,7.9,471109,124.98,79
Live Free or Die Hard,Action,John McClane and a young hacker join forces to take down master cyber-terrorist Thomas Gabriel in Washington D.C.,Len Wiseman,"Bruce Willis, Justin Long, Timothy Olyphant, Maggie Q",2007,128,7.2,347567,134.52,69
Ted,Comedy,"John Bennett, a man whose childhood wish of bringing his teddy bear to life came true, now must decide between keeping the relationship with the bear or his girlfriend, Lori.",Seth MacFarlane,"Mark Wahlberg, Mila Kunis, Seth MacFarlane, Joel McHale",2012,106,7,494641,218.63,62
RED,Action,"When his peaceful life is threatened by a high-tech assassin, former black-ops agent Frank Moses reassembles his old team in a last ditch effort to survive and uncover his assailants.",Robert Schwentke,"Bruce Willis, Helen Mirren, Morgan Freeman,Mary-Louise Parker",2010,111,7.1,250012,90.36,60
Happy Feet,Animation,"Into the world of the Emperor Penguins, who find their soul mates through song, a penguin is born who cannot sing. But he can tap dance something fierce!",George Miller,"Elijah Wood, Brittany Murphy, Hugh Jackman, Robin Williams",2006,108,6.5,141141,197.99,77
Noah,Action,A man is chosen by his world's creator to undertake a momentous mission before an apocalyptic flood cleanses the world.,Darren Aronofsky,"Russell Crowe, Jennifer Connelly, Anthony Hopkins, Emma Watson",2014,138,5.8,209700,101.16,68
Neighbors,Comedy,"After they are forced to live next to a fraternity house, a couple with a newborn baby do whatever they can to take them down.",Nicholas Stoller,"Seth Rogen, Rose Byrne, Zac Efron, Lisa Kudrow",2014,97,6.4,236500,150.06,68
Grown Ups,Comedy,"After their high school basketball coach passes away, five good friends and former teammates reunite for a Fourth of July holiday weekend.",Dennis Dugan,"Adam Sandler, Salma Hayek, Kevin James, Chris Rock",2010,102,6,190385,162,30
The Karate Kid,Action,"Work causes a single mother to move to China with her young son; in his new home, the boy embraces kung fu, taught to him by a master.",Harald Zwart,"Jackie Chan, Jaden Smith, Taraji P. Henson, Wenwen Han",2010,140,6.2,127983,176.59,61
The Da Vinci Code,Mystery,A murder inside the Louvre and clues in Da Vinci paintings lead to the discovery of a religious mystery protected by a secret society for two thousand years -- which could shake the foundations of Christianity.,Ron Howard,"Tom Hanks, Audrey Tautou, Jean Reno, Ian McKellen",2006,149,6.6,338280,217.54,46
The Mummy: Tomb of the Dragon Emperor,Action,"In the Far East, Alex O'Connell, the son of famed mummy fighters Rick and Evy O'Connell, unearths the mummy of the first Emperor of Qin -- a shape-shifting entity cursed by a witch centuries ago.",Rob Cohen,"Brendan Fraser, Jet Li, Maria Bello, Michelle Yeoh",2008,112,5.2,124554,102.18,31
True Grit,Adventure,A tough U.S. Marshal helps a stubborn teenager track down her father's murderer.,Ethan Coen,"Jeff Bridges, Matt Damon, Hailee Steinfeld,Josh Brolin",2010,110,7.6,254904,171.03,80
The Fighter,Action,"A look at the early years of boxer ""Irish"" Micky Ward and his brother who helped train him before going pro in the mid 1980s.",David O. Russell,"Mark Wahlberg, Christian Bale, Amy Adams,Melissa Leo",2010,116,7.8,290056,93.57,79
Eagle Eye,Action,"Jerry and Rachel are two strangers thrown together by a mysterious phone call from a woman they have never met. Threatening their lives and family, she pushes Jerry and Rachel into a series of increasingly dangerous situations, using the technology of everyday life to track and control their every move.",D.J. Caruso,"Shia LaBeouf, Michelle Monaghan, Rosario Dawson,Michael Chiklis",2008,118,6.6,156158,101.11,43
Indiana Jones and the Kingdom of the Crystal Skull,Action,"Famed archaeologist/adventurer Dr. Henry ""Indiana"" Jones is called back into action when he becomes entangled in a Soviet plot to uncover the secret behind mysterious artifacts known as the Crystal Skulls.",Steven Spielberg,"Harrison Ford, Cate Blanchett, Shia LaBeouf,Karen Allen",2008,122,6.2,351361,317.01,65
Quantum of Solace,Action,"James Bond descends into mystery as he tries to stop a mysterious organization from eliminating a country's most valuable resource. All the while, he still tries to seek revenge over the death of his love.",Marc Forster,"Daniel Craig, Olga Kurylenko, Mathieu Amalric, Judi Dench",2008,106,6.6,347798,168.37,58
How to Train Your Dragon,Animation,"A hapless young Viking who aspires to hunt dragons becomes the unlikely friend of a young dragon himself, and learns there may be more to the creatures than he assumed.",Dean DeBlois,"Jay Baruchel, Gerard Butler,Christopher Mintz-Plasse, Craig Ferguson",2010,98,8.1,523893,217.39,74
Cars 2,Animation,Star race car Lightning McQueen and his pal Mater head overseas to compete in the World Grand Prix race. But the road to the championship becomes rocky as Mater gets caught up in an intriguing adventure of his own: international espionage.,John Lasseter,"Owen Wilson, Larry the Cable Guy,Michael Caine, Emily Mortimer",2011,106,6.2,110490,191.45,57
Captain Phillips,Biography,"The true story of Captain Richard Phillips and the 2009 hijacking by Somali pirates of the U.S.-flagged MV Maersk Alabama, the first American cargo ship to be hijacked in two hundred years.",Paul Greengrass,"Tom Hanks, Barkhad Abdi, Barkhad Abdirahman,Catherine Keener",2013,134,7.8,346154,107.1,83
Hotel Transylvania 2,Animation,"Dracula and his friends try to bring out the monster in his half human, half vampire grandson in order to keep Mavis from leaving the hotel.",Genndy Tartakovsky,"Adam Sandler, Andy Samberg, Selena Gomez, Kevin James",2015,89,6.7,69157,169.69,44
Hancock,Action,Hancock is a superhero whose ill considered behavior regularly causes damage in the millions. He changes when the person he saves helps him improve his public image.,Peter Berg,"Will Smith, Charlize Theron, Jason Bateman, Jae Head",2008,92,6.4,366138,227.95,49
Despicable Me 2,Animation,"When Gru, the world's most super-bad turned super-dad has been recruited by a team of officials to stop lethal muscle and a host of Gru's own, He has to fight back with new gadgetry, cars, and more minion madness.",Pierre Coffin,"Steve Carell, Kristen Wiig, Benjamin Bratt, Miranda Cosgrove",2013,98,7.4,304837,368.05,62
Prince of Persia: The Sands of Time,Action,A young fugitive prince and princess must stop a villain who unknowingly threatens to destroy the world with a special dagger that enables the magic sand inside to reverse time.,Mike Newell,"Jake Gyllenhaal, Gemma Arterton, Ben Kingsley,Alfred Molina",2010,116,6.6,233148,90.76,50
G.I. Joe: The Rise of Cobra,Action,"An elite military unit comprised of special operatives known as G.I. Joe, operating out of The Pit, takes on an evil organization led by a notorious arms dealer.",Stephen Sommers,"Dennis Quaid, Channing Tatum, Marlon Wayans,Adewale Akinnuoye-Agbaje",2009,118,5.8,180105,150.17,32
You Don't Mess with the Zohan,Action,An Israeli Special Forces Soldier fakes his death so he can re-emerge in New York City as a hair stylist.,Dennis Dugan,"Adam Sandler, John Turturro, Emmanuelle Chriqui,Nick Swardson",2008,113,5.5,163144,100.02,54
The Princess and the Frog,Animation,"A waitress, desperate to fulfill her dreams as a restaurant owner, is set on a journey to turn a frog prince back into a human being, but she has to face the same problem after she kisses him.",Ron Clements,"Anika Noni Rose, Keith David, Oprah Winfrey, Bruno Campos",2009,97,7.1,95480,104.37,73
Flight,Drama,"An airline pilot saves almost all his passengers on his malfunctioning airliner which eventually crashed, but an investigation into the accident reveals something troubling.",Robert Zemeckis,"Denzel Washington, Nadine Velazquez, Don Cheadle, John Goodman",2012,138,7.3,276347,93.75,76
Home,Animation,"An alien on the run from his own people makes friends with a girl. He tries to help her on her quest, but can be an interference.",Tim Johnson,"Jim Parsons, Rihanna, Steve Martin, Jennifer Lopez",2015,94,6.7,77447,177.34,55
42,Biography,This movie is about Jackie Robinson and his journey to becoming a Brooklyn Dodger and his life during that time.,Brian Helgeland,"Chadwick Boseman, T.R. Knight, Harrison Ford,Nicole Beharie",2013,128,7.5,69659,95,62
Kung Fu Panda,Animation,"The Dragon Warrior has to clash against the savage Tai Lung as China's fate hangs in the balance: However, the Dragon Warrior mantle is supposedly mistaken to be bestowed upon an obese panda who is a tyro in martial arts.",Mark Osborne,"Jack Black, Ian McShane,Angelina Jolie, Dustin Hoffman",2008,92,7.6,329788,215.4,73
Terminator Salvation,Action,"In 2018, a mysterious new weapon in the war against the machines, half-human and half-machine, comes to John Connor on the eve of a resistance attack on Skynet. But whose side is he on, and can he be trusted?",McG,"Christian Bale, Sam Worthington, Anton Yelchin, Moon Bloodgood",2009,115,6.6,297093,125.32,49
Mission: Impossible III,Action,Agent Ethan Hunt comes into conflict with a dangerous and sadistic arms dealer who threatens his life and his fianceé in response .,J.J. Abrams,"Tom Cruise, Michelle Monaghan, Ving Rhames, Philip Seymour Hoffman",2006,126,6.9,270429,133.38,66
G.I. Joe: Retaliation,Action,The G.I. Joes are not only fighting their mortal enemy Cobra; they are forced to contend with threats from within the government that jeopardize their very existence.,Jon M. Chu,"Dwayne Johnson, Channing Tatum, Adrianne Palicki,Byung-hun Lee",2013,110,5.8,152145,122.51,41
Rio,Animation,"When Blu, a domesticated macaw from small-town Minnesota, meets the fiercely independent Jewel, he takes off on an adventure to Rio de Janeiro with the bird of his dreams.",Carlos Saldanha,"Jesse Eisenberg, Anne Hathaway, George Lopez,Karen Disher",2011,96,6.9,173919,143.62,63
Sex and the City,Comedy,A New York writer on sex and love is finally getting married to her Mr. Big. But her three best girlfriends must console her after one of them inadvertently leads Mr. Big to jilt her.,Michael Patrick King,"Sarah Jessica Parker, Kim Cattrall, Cynthia Nixon, Kristin Davis",2008,145,5.5,102547,152.64,53
How to Train Your Dragon 2,Animation,"When Hiccup and Toothless discover an ice cave that is home to hundreds of new wild dragons and the mysterious Dragon Rider, the two friends find themselves at the center of a battle to protect the peace.",Dean DeBlois,"Jay Baruchel, Cate Blanchett, Gerard Butler, Craig Ferguson",2014,102,7.9,237565,177,76
Ocean's Thirteen,Crime,"Danny Ocean rounds up the boys for a third heist, after casino owner Willy Bank double-crosses one of the original eleven, Reuben Tishkoff.",Steven Soderbergh,"George Clooney, Brad Pitt, Matt Damon,Michael Mantell",2007,122,6.9,269581,117.14,62
Superman Returns,Action,"Superman reappears after a long absence, but is challenged by an old foe who uses Kryptonian technology for world domination.",Bryan Singer,"Brandon Routh, Kevin Spacey, Kate Bosworth, James Marsden",2006,154,6.1,246797,200.07,72
The Twilight Saga: Breaking Dawn - Part 1,Adventure,"The Quileutes close in on expecting parents Edward and Bella, whose unborn child poses a threat to the Wolf Pack and the towns people of Forks.",Bill Condon,"Kristen Stewart, Robert Pattinson, Taylor Lautner, Gil Birmingham",2011,117,4.9,190244,281.28,45
Talladega Nights: The Ballad of Ricky Bobby,Action,"#1 NASCAR driver Ricky Bobby stays atop the heap thanks to a pact with his best friend and teammate, Cal Naughton, Jr. But when a French Formula One driver, makes his way up the ladder, Ricky Bobby's talent and devotion are put to the test.",Adam McKay,"Will Ferrell, John C. Reilly, Sacha Baron Cohen, Gary Cole",2006,108,6.6,137502,148.21,66
The Twilight Saga: Eclipse,Adventure,"As a string of mysterious killings grips Seattle, Bella, whose high school graduation is fast approaching, is forced to choose between her love for vampire Edward and her friendship with werewolf Jacob.",David Slade,"Kristen Stewart, Robert Pattinson, Taylor Lautner,Xavier Samuel",2010,124,4.9,192740,300.52,58
Sex and the City 2,Comedy,"While wrestling with the pressures of life, love, and work in Manhattan, Carrie, Miranda, and Charlotte join Samantha for a trip to Abu Dhabi (United Arab Emirates), where Samantha's ex is filming a new movie.",Michael Patrick King,"Sarah Jessica Parker, Kim Cattrall, Kristin Davis, Cynthia Nixon",2010,146,4.3,62403,95.33,27
